{"loss": [1.668644666671753, 1.194682002067566, 1.0057486295700073, 0.8904588222503662, 0.8110265731811523, 0.7505289316177368, 0.6962866187095642, 0.6479463577270508, 0.6052502393722534, 0.5748525857925415, 0.5427166223526001, 0.5121132135391235, 0.48642000555992126, 0.4603140354156494, 0.4339347183704376, 0.4134266674518585, 0.39017707109451294, 0.37164875864982605, 0.36398014426231384, 0.34385451674461365, 0.3326403498649597, 0.307018518447876, 0.30596041679382324, 0.28649792075157166, 0.27790021896362305, 0.2688404619693756, 0.2577761113643646, 0.2496170848608017, 0.23895743489265442, 0.2349931299686432, 0.22826312482357025, 0.2170553058385849, 0.21289171278476715, 0.20199927687644958, 0.20379653573036194, 0.19155453145503998, 0.19691412150859833, 0.1857239007949829, 0.1827886402606964, 0.17235656082630157, 0.1738182008266449, 0.16846878826618195, 0.16273130476474762, 0.15956467390060425, 0.1594744622707367, 0.15563073754310608], "accuracy": [0.4444200098514557, 0.5887200236320496, 0.6501799821853638, 0.6907200217247009, 0.7164000272750854, 0.7365000247955322, 0.7562000155448914, 0.7751200199127197, 0.7867199778556824, 0.796280026435852, 0.8088600039482117, 0.8207799792289734, 0.826740026473999, 0.8361999988555908, 0.8472200036048889, 0.8525999784469604, 0.8607800006866455, 0.8679199814796448, 0.8709999918937683, 0.8761399984359741, 0.8811200261116028, 0.8896999955177307, 0.890779972076416, 0.8966400027275085, 0.9008399844169617, 0.9044399857521057, 0.9089999794960022, 0.910040020942688, 0.9155200123786926, 0.9168400168418884, 0.9180999994277954, 0.9237800240516663, 0.9240400195121765, 0.9285799860954285, 0.9261000156402588, 0.9312599897384644, 0.9296000003814697, 0.9341999888420105, 0.9342600107192993, 0.9373800158500671, 0.9378799796104431, 0.940280020236969, 0.9422199726104736, 0.9429600238800049, 0.9428399801254272, 0.9455000162124634], "val_loss": [1.678626537322998, 0.956566333770752, 0.9469823241233826, 0.832477331161499, 0.8151155710220337, 0.7399342060089111, 0.8087245225906372, 0.6456539630889893, 0.6568441987037659, 0.6633378267288208, 0.6709941029548645, 0.606607973575592, 0.8094126582145691, 0.626685619354248, 0.6441265940666199, 0.6392788887023926, 0.56891930103302, 0.6230402588844299, 0.6766571998596191, 0.5691170692443848, 0.5830773711204529, 0.6084015369415283, 0.596564531326294, 0.6319276094436646, 0.5879009962081909, 0.7006447911262512, 0.6293533444404602, 0.585090160369873, 0.585253894329071, 0.6094613075256348, 0.5777866840362549, 0.5929082036018372, 0.6130044460296631, 0.6569293737411499, 0.6059169173240662, 0.7696103453636169, 0.6038962006568909, 0.6518329381942749, 0.6601726412773132, 0.6006117463111877, 0.609991729259491, 0.6678704619407654, 0.632346510887146, 0.6243289113044739, 0.6052771210670471, 0.6527584791183472], "val_accuracy": [0.4643999934196472, 0.6643999814987183, 0.6754999756813049, 0.7084000110626221, 0.7195000052452087, 0.7418000102043152, 0.7324000000953674, 0.7807999849319458, 0.7777000069618225, 0.7731000185012817, 0.7777000069618225, 0.7943999767303467, 0.7434999942779541, 0.7946000099182129, 0.7885000109672546, 0.7975000143051147, 0.8138999938964844, 0.8004999756813049, 0.7912999987602234, 0.8138999938964844, 0.8162000179290771, 0.8126000165939331, 0.8123000264167786, 0.8104000091552734, 0.8190000057220459, 0.7955999970436096, 0.8105000257492065, 0.8227999806404114, 0.8220000267028809, 0.8184999823570251, 0.8241999745368958, 0.8223000168800354, 0.8252999782562256, 0.8212000131607056, 0.8258000016212463, 0.7953000068664551, 0.8256999850273132, 0.821399986743927, 0.8199999928474426, 0.8277999758720398, 0.8269000053405762, 0.8156999945640564, 0.8306999802589417, 0.8284000158309937, 0.8289999961853027, 0.8270999789237976]}